nombre_activo,placa_codigo,marca,modelo,serie,ubicacion,observaciones,estado,propiedad,clase_id,funcionario_id,procesador,disco_duro,ram,sistema_operativo,tipo_adquisicion,fecha_ingreso,especificaciones_tecnicas
Telefono,00087,Grandstream,Gxp1610,20EZ1QPM605BE51C,Na,PENDIENTE,Bueno,Propio,4.0,,Tics,,,,PENDIENTE,PENDIENTE,PENDIENTE
Monitor ,02657,Hp,BTT132,3CQ2020H7M,Na,PENDIENTE,Bueno,Propio,4.0,,Tics,,,,PENDIENTE,PENDIENTE,PENDIENTE
Computador todo en 1,02607,Hp,Proone 400 g6,8CN2340YL2,No aplica ,PENDIENTE,Bueno,Propio,4.0,,Tics,,,Intel core i7 10700,PENDIENTE,PENDIENTE,PENDIENTE
Computador todo en 1,02921,Hp,Proone 400 g6,8CN240Y63,No aplica,PENDIENTE,Bueno,Propio,4.0,,TICS,,,Intel core i7 10700,PENDIENTE,PENDIENTE,PENDIENTE
Escritorio + archivador,04049,Generica,Madera ,No aplica,No aplica,PENDIENTE,Bueno,Propio,4.0,,Muebles y enseres ,,,,PENDIENTE,PENDIENTE,PENDIENTE
Torre,04043,Hp,Prodesk 400 g5,MXL9364CHB,PC0023,PENDIENTE,Bueno,Propio,4.0,,Tics,,,Intel core i7-10700,PENDIENTE,PENDIENTE,PENDIENTE
Computador todo en 1 ,02613,Hp,Proone 400 g6 ,8CN2340YNM,No aplica,PENDIENTE,Bueno,Propio,4.0,,Tics,,,Intel core i7 10700,PENDIENTE,PENDIENTE,PENDIENTE
Monitor,00867,Lenovo,Thinkvisiom,VNA1HDP0,No aplica,PENDIENTE,Bueno,Propio,4.0,,Tics,,,,PENDIENTE,PENDIENTE,PENDIENTE
Torre ,02915,Hp,Prodesk g7,1CZ2040FZM,No aplica,PENDIENTE,Bueno,Propio,4.0,,Tics,,,Intel core i7,PENDIENTE,PENDIENTE,PENDIENTE
Computador all in one,03226,Lenovo,F0G1,MPNXS491000Z,No aplica,PENDIENTE,Bueno,Propio,4.0,,Tics,,,AMD RYZEN 7 7730U,PENDIENTE,PENDIENTE,PENDIENTE
Computador todo en 1 ,02650,Hp,Proone 400 g4 ,8CG9480BHY,1355,PENDIENTE,Bueno,Propio,4.0,,Tics,,,Intel core I7 10700,PENDIENTE,PENDIENTE,PENDIENTE
Computador todo en 1,03514,Lenovo ,F0HR005BLD,MP2B0F8E,No aplica,PENDIENTE,Bueno,Propio,4.0,,Tics,,,AMD RYZEN 5 7535HS,PENDIENTE,PENDIENTE,PENDIENTE
Monitor,02914,Hp,Btt132,3CQ2020H76,No aplica,PENDIENTE,Bueno,Propio,4.0,,Tics ,,,,PENDIENTE,PENDIENTE,PENDIENTE
Torre,02902,Hp,Prodesk 400 g7,1CZ2040FZY,No aplica,PENDIENTE,Bueno,Propio,4.0,,Tics ,,,Intel core i7 10700,PENDIENTE,PENDIENTE,PENDIENTE
Monitor,02629,Dell,A01,CN-0W4XCG-74445-17T-C87L,969,PENDIENTE,Bueno,Propio,4.0,,Tics,,,,PENDIENTE,PENDIENTE,PENDIENTE
Monitor,02893,Hp ,ATT132,3CQ10106GV,No aplica,PENDIENTE,Bueno,Propio,4.0,,Tics,,,,PENDIENTE,PENDIENTE,PENDIENTE
Torre,02649,Hp,Prodesk 400 g7,1CZ2040G0H,No aplica,PENDIENTE,Bueno,Propio,4.0,,Tics,,,Intel core i7 10700,PENDIENTE,PENDIENTE,PENDIENTE
Computador todo en 1 ,03520,Lenovo,F0HR,MP2B0F89,No aplica,PENDIENTE,Bueno,Propio,4.0,,Tics,,,AMD RYZEN 5 7000,PENDIENTE,PENDIENTE,PENDIENTE
Monitor,02706,Hp,ITT121,3CQ20315W7,No aplica,PENDIENTE,Bueno,Propio,4.0,,Tics,,,,PENDIENTE,PENDIENTE,PENDIENTE
Torre,02881,Hp ,Prodesk 400 g7,1CZ2040G09,No aplica,PENDIENTE,Bueno,Propio,4.0,,Tics ,,,Intel core i7-10700,PENDIENTE,PENDIENTE,PENDIENTE
Torre,02873,Hp,Prodesk 400 g7 ,1CZ2040FZS,No aplica,PENDIENTE,Bueno,Propio,4.0,,Tics,,,Intel core i7 10700,PENDIENTE,PENDIENTE,PENDIENTE
Monitor,02872,Hp,BTT132,3CQ2020H4Q,No aplica,PENDIENTE,Bueno,Propio,4.0,,Tics,,,,PENDIENTE,PENDIENTE,PENDIENTE
Computador todo en 1,02866,Hp,Proone 400 g4,8CG9480BFZ,1373,PENDIENTE,Bueno,Propio,4.0,,Tics,,,Intel core i7 10700,PENDIENTE,PENDIENTE,PENDIENTE
Torre,02641,Hp,Prodesk 400 g6,1CZ2040FYX,Na,PENDIENTE,Bueno,Propio,4.0,,Tics,,,Intel core i7 10700,PENDIENTE,PENDIENTE,PENDIENTE
Computador todo en 1,02728,Hp,Proone 400 g4,8CG9480BG7,1379,PENDIENTE,Bueno,Propio,4.0,,Tics,,,Intel core i7 8700,PENDIENTE,PENDIENTE,PENDIENTE
Computador todo en 1,03513,Lenovo,F0HR,MP2B0F7J,No aplica,PENDIENTE,Bueno,Propio,4.0,,Tics,,,AMD RYZEN 5 7000,PENDIENTE,PENDIENTE,PENDIENTE
Computador todo en 1,03509,Lenovo,F0HR,MP2B0JXT,No aplica,PENDIENTE,Bueno,Propio,4.0,,Tics,,,AMD RYZEN 5 7000,PENDIENTE,PENDIENTE,PENDIENTE
Computador todo en 1,03525,Lenovo,F0HR,MP2B0F7V,No aplica,PENDIENTE,Bueno,Propio,4.0,,Tics,,,AMD RYZEN 5 7000,PENDIENTE,PENDIENTE,PENDIENTE
Computador todo en 1,03503,Lenovo,F0HR,MP2B0JYD,No aplica,PENDIENTE,Bueno,Propio,4.0,,Tics,,,AMD RYZEN 5 7000,PENDIENTE,PENDIENTE,PENDIENTE
Monitor,02903,Hp,Btt132,3CQ2020GKV,No aplica,PENDIENTE,Bueno,Propio,4.0,,Tics,,,,PENDIENTE,PENDIENTE,PENDIENTE
Torre,02892,Hp,Prodesk 400 g7,1CZ11808J5,No aplica,PENDIENTE,Bueno,Propio,4.0,,Tics,,,Intel core i7 10700,PENDIENTE,PENDIENTE,PENDIENTE
Computador all in one,03521,Lenovo,F0HR,MP2B0F8D,No aplica,PENDIENTE,Bueno,Propio,4.0,,Tics,,,AMD RYZEN 5 700,PENDIENTE,PENDIENTE,PENDIENTE
Silla interlocutora ,04199,Generico ,Tela verde,Na,No aplica,PENDIENTE,Bueno,Propio,4.0,,Muebles y enseres ,,,,PENDIENTE,PENDIENTE,PENDIENTE
Silla interlocutora ,04200,Generico ,Tela verde,Na,No aplica,PENDIENTE,Bueno,Propio,4.0,,Muebles y enseres ,,,,PENDIENTE,PENDIENTE,PENDIENTE
Escritorio personal con archivador ,04205,Generico ,Tabla verde y archivador metálico gris ,Na,No aplica,PENDIENTE,Bueno,Propio,4.0,,Muebles y enseres ,,,,PENDIENTE,PENDIENTE,PENDIENTE
Silla económica,02176,Generico ,Negro tela ,Na,No aplica,PENDIENTE,Bueno,Propio,4.0,,Muebles y enseres ,,,,PENDIENTE,PENDIENTE,PENDIENTE
Stand ,04227,Generico ,Madera blanco ,Na,No aplica,PENDIENTE,Bueno,Propio,4.0,,Muebles y enseres ,,,,PENDIENTE,PENDIENTE,PENDIENTE
Carro utilitario de transporte ,02924,Rimax,Pasta negro ,Na,No aplica,PENDIENTE,Bueno,Propio,4.0,,Muebles y enseres ,,,,PENDIENTE,PENDIENTE,PENDIENTE
Carro utilitario de transporte ,02432,Rimax,Pasta negro ,Na,No aplica,PENDIENTE,Bueno,Propio,4.0,,Muebles y enseres ,,,,PENDIENTE,PENDIENTE,PENDIENTE
Silla ergonómica,02829,Generico ,Cuero gris ,Na,No aplica,PENDIENTE,Bueno,Propio,4.0,,Muebles y enseres ,,,,PENDIENTE,PENDIENTE,PENDIENTE
Escritorio personal con archivador ,04228,Generico ,Tabla verde y archivador madera negro,Na,No aplica,PENDIENTE,Bueno,Propio,4.0,,Muebles y enseres ,,,,PENDIENTE,PENDIENTE,PENDIENTE
Escritorio personal,04229,Generico ,Tabla verde ,Na,No aplica,PENDIENTE,Bueno,Propio,4.0,,Muebles y enseres ,,,,PENDIENTE,PENDIENTE,PENDIENTE
Archivador pequeño ,02155,Generico ,Madera blanco gris,Na,No aplica,PENDIENTE,Bueno,Propio,4.0,,Muebles y enseres ,,,,PENDIENTE,PENDIENTE,PENDIENTE
Silla ergonómica,04192,Generico ,Tela gris ,Na,No aplica,PENDIENTE,Bueno,Propio,4.0,,Muebles y enseres ,,,,PENDIENTE,PENDIENTE,PENDIENTE
Silla ergonómica,02342,Generico ,Tela azul,Na,7192,PENDIENTE,Bueno,Propio,4.0,,Muebles y enseres ,,,,PENDIENTE,PENDIENTE,PENDIENTE
Escritorio personal,04193,Generico ,Tabla  verde,Na,No aplica,PENDIENTE,Bueno,Propio,4.0,,Muebles y enseres ,,,,PENDIENTE,PENDIENTE,PENDIENTE
Silla económica,00276,Ergonoms,Cuero gris ,Na,No aplica,PENDIENTE,Bueno,Propio,4.0,,Muebles y enseres ,,,,PENDIENTE,PENDIENTE,PENDIENTE
Escritorio personal con archivador ,02036,Generico ,Tabla verde y archivador madera negro,Na,No aplica,PENDIENTE,Bueno,Propio,4.0,,Muebles y enseres ,,,,PENDIENTE,PENDIENTE,PENDIENTE
Escritorio personal,04194,Generico ,Tabla verde ,Na,No aplica,PENDIENTE,Bueno,Propio,4.0,,Muebles y enseres ,,,,PENDIENTE,PENDIENTE,PENDIENTE
Tablero acrílico ,04339,Generico ,40x60,Na,No aplica,PENDIENTE,Bueno,Propio,4.0,,Muebles y enseres ,,,,PENDIENTE,PENDIENTE,PENDIENTE
Tablero acrílico ,04364,Generico ,40x60,Na,No aplica,PENDIENTE,Bueno,Propio,4.0,,Muebles y enseres ,,,,PENDIENTE,PENDIENTE,PENDIENTE
Tablero acrílico ,04366,Generico ,60x80,Na,No aplica,PENDIENTE,Bueno,Propio,4.0,,Muebles y enseres ,,,,PENDIENTE,PENDIENTE,PENDIENTE
Tablero acrílico ,04367,Generico ,80x120,Na,No aplica,PENDIENTE,Bueno,Propio,4.0,,Muebles y enseres ,,,,PENDIENTE,PENDIENTE,PENDIENTE
Silla ergonomica,04361,Generico ,Negro tela gerencial ,Na,1472,PENDIENTE,Bueno,Propio,4.0,,Muebles y enseres ,,,,PENDIENTE,PENDIENTE,PENDIENTE
Llaverograma,O4362,Generico ,Madera cafe,Na,No aplica,PENDIENTE,Bueno,Propio,4.0,,Muebles y enseres ,,,,PENDIENTE,PENDIENTE,PENDIENTE
Cartelera ,04363,Generico ,Madera café y tela verde ,Na,No aplica,PENDIENTE,Bueno,Propio,4.0,,Muebles y enseres ,,,,PENDIENTE,PENDIENTE,PENDIENTE
Silla interlocutora ,02168,Generico ,Tela verde,Na,No aplica,PENDIENTE,Bueno,Propio,4.0,,Muebles y enseres ,,,,PENDIENTE,PENDIENTE,PENDIENTE
Escritorio personal con archivador ,02972,Generico ,Escrito café con archivador pequeño metalizado gris,Na,No aplica,PENDIENTE,Bueno,Propio,4.0,,Muebles y enseres ,,,,PENDIENTE,PENDIENTE,PENDIENTE
Monitor de computador ,02971,HP,ATT 132,RCQ12311F7,No aplica,PENDIENTE,Bueno,Propio,4.0,,TICS,,,,PENDIENTE,PENDIENTE,PENDIENTE
Escritorio personal,00592,Generico ,Blanco madera y metalizado ,Na,No aplica,PENDIENTE,Bueno,Propio,4.0,,Muebles y enseres ,,,,PENDIENTE,PENDIENTE,PENDIENTE
Escritorio personal,00599,Generico ,Blanco madera y metalizado ,Na,No aplica,PENDIENTE,Bueno,Propio,4.0,,Muebles y enseres ,,,,PENDIENTE,PENDIENTE,PENDIENTE
Escritorio personal,00593,Generico ,Blanco madera y metalizado ,Na,No aplica,PENDIENTE,Bueno,Propio,4.0,,Muebles y enseres ,,,,PENDIENTE,PENDIENTE,PENDIENTE
Escritorio personal con archivador ,00470,Generico ,Madera café y archivador negro ,Na,No aplica,PENDIENTE,Bueno,Propio,4.0,,Muebles y enseres ,,,,PENDIENTE,PENDIENTE,PENDIENTE
Escritorio personal con archivador ,04052,Generico ,Madera café y archivador metálico gris,Na,1068,PENDIENTE,Bueno,Propio,4.0,,Muebles y enseres ,,,,PENDIENTE,PENDIENTE,PENDIENTE
Silla ergonómica ,04044,Generico ,Negro tela ,Na,No aplica,PENDIENTE,Bueno,Propio,4.0,,Muebles y enseres ,,,,PENDIENTE,PENDIENTE,PENDIENTE
Silla ergonómica ,00232,Generico ,Cuero gris ,Na,No aplica,PENDIENTE,Bueno,Propio,4.0,,Muebles y enseres ,,,,PENDIENTE,PENDIENTE,PENDIENTE
Silla interlocutora ,04046,Generico ,Tela verde,Na,No aplica,PENDIENTE,Bueno,Propio,4.0,,Muebles y enseres ,,,,PENDIENTE,PENDIENTE,PENDIENTE
Silla ergonomica,04203,Generico ,Negro tela ,Na,No aplica,PENDIENTE,Bueno,Propio,4.0,,Muebles y enseres ,,,,PENDIENTE,PENDIENTE,PENDIENTE
Silla ergonomica,04207,Generico ,Negro tela ,Na,No aplica,PENDIENTE,Bueno,Propio,4.0,,Muebles y enseres ,,,,PENDIENTE,PENDIENTE,PENDIENTE
Computador ,04360,HP,ATT122,3CQ101064L,No aplica,PENDIENTE,Bueno,Propio,4.0,,TICS,,,,PENDIENTE,PENDIENTE,PENDIENTE
Silla interlocutora ,02919,Generico ,Tela verde,Na,No aplica,PENDIENTE,Bueno,Propio,4.0,,Muebles y enseres ,,,,PENDIENTE,PENDIENTE,PENDIENTE
Silla interlocutora ,04225,Generico ,Tela verde,Na,No aplica,PENDIENTE,Bueno,Propio,4.0,,Muebles y enseres ,,,,PENDIENTE,PENDIENTE,PENDIENTE
Silla ergonómica,04226,Generico ,Negro tela ,Na,No aplica,PENDIENTE,Bueno,Propio,4.0,,Muebles y enseres ,,,,PENDIENTE,PENDIENTE,PENDIENTE
Escritorio personal,04189,Generico ,Tabla madera café ,Na,No aplica,PENDIENTE,Bueno,Propio,4.0,,Muebles y enseres ,,,,PENDIENTE,PENDIENTE,PENDIENTE
Escritorio personal,04187,Generico ,Tabla madera café ,Na,No aplica,PENDIENTE,Bueno,Propio,4.0,,Muebles y enseres ,,,,PENDIENTE,PENDIENTE,PENDIENTE
Escritorio ,04059,Generico ,Metal ,,No aplica,PENDIENTE,Bueno,Propio,4.0,,Muebles y enseres ,,,,PENDIENTE,PENDIENTE,PENDIENTE
Repisa de pared ,04064,Generico ,Madera gris ,,No aplica,PENDIENTE,Bueno,Propio,4.0,,Muebles y enseres ,,,,PENDIENTE,PENDIENTE,PENDIENTE
Repisa de pared ,04065,Generico ,Madera café ,,No aplica,PENDIENTE,Bueno,Propio,4.0,,Muebles y enseres ,,,,PENDIENTE,PENDIENTE,PENDIENTE
Silla ergonómica,02917,Generico ,Cuero gris ,Na,No aplica,PENDIENTE,Bueno,Propio,4.0,,Muebles y enseres ,,,,PENDIENTE,PENDIENTE,PENDIENTE
Silla económica,00221,Generico ,Cuero gris ,Na ,No aplica,PENDIENTE,Bueno,Propio,4.0,,Muebles y enseres ,,,,PENDIENTE,PENDIENTE,PENDIENTE
Silla ergonomica,02913,Generico ,Cuero gris ,Na,No aplica,PENDIENTE,Bueno,Propio,4.0,,Muebles y enseres ,,,,PENDIENTE,PENDIENTE,PENDIENTE
Silla económica ,02910,Generico ,Negro tela ,Na,No aplica,PENDIENTE,Bueno,Propio,4.0,,Muebles y enseres ,,,,PENDIENTE,PENDIENTE,PENDIENTE
Archivador pequeño ,02144,Generico ,Metalizado gris ,Na,No aplica,PENDIENTE,Bueno,Propio,4.0,,Muebles y enseres ,,,,PENDIENTE,PENDIENTE,PENDIENTE
Archivador ,04050,Generico ,Madera 4 gabetas,Na,No aplica,PENDIENTE,Bueno,Propio,4.0,,Muebles y enseres ,,,,PENDIENTE,PENDIENTE,PENDIENTE
Tablero acrílico ,04051,Generico ,60x80,Na,No aplica,PENDIENTE,Bueno,Propio,4.0,,Muebles y enseres ,,,,PENDIENTE,PENDIENTE,PENDIENTE
Ventilador de pared ,00590,Recco,Blanco ,Na,No aplica,PENDIENTE,Bueno,Propio,4.0,,Muebles y enseres ,,,,PENDIENTE,PENDIENTE,PENDIENTE
Silla ergonómica cuero gris ,04023,Genérico ,Cuero gris ,,No aplica,PENDIENTE,Bueno,Propio,4.0,,Muebles y enseres ,,,,PENDIENTE,PENDIENTE,PENDIENTE
Escritorio dos puestos con archivador ,04029,Genérico ,Madera con patas metálicas ,,No aplica,PENDIENTE,Bueno,Propio,4.0,,Muebles y enseres ,,,,PENDIENTE,PENDIENTE,PENDIENTE
Extintor verde ,04058,Genérico ,Extintor de agua a presión verde,,No aplica,PENDIENTE,Bueno,Propio,4.0,,Muebles y enseres ,,,,PENDIENTE,PENDIENTE,PENDIENTE
Silla ergonómica ,04079,Genérico ,Silla ergonómica de ruedas cuero gris ,,No aplica,PENDIENTE,Bueno,Propio,4.0,,Muebles y enseres,,,,PENDIENTE,PENDIENTE,PENDIENTE
Escritorio ,01142,Genérico ,Gris metal patas color negro,,No aplica,PENDIENTE,Bueno,Propio,4.0,,Muebles y enseres ,,,,PENDIENTE,PENDIENTE,PENDIENTE
Silla ergonómica ,04074,Genérico ,Silla ergonómica de ruedas cuero gris ,,224,PENDIENTE,Bueno,Propio,4.0,,Muebles y enseres,,,,PENDIENTE,PENDIENTE,PENDIENTE
Escritorio con archivador ,01183,Genérico ,Gris metal patas color blanco ,,No aplica,PENDIENTE,Bueno,Propio,4.0,,Muebles y enseres ,,,,PENDIENTE,PENDIENTE,PENDIENTE
Escritorio ,01182,Genérico ,Gris metal patas color negro ,,No aplica,PENDIENTE,Bueno,Propio,4.0,,Muebles y enseres ,,,,PENDIENTE,PENDIENTE,PENDIENTE
Escritorio ,02909,Genérico ,Gris metal patas color negro ,,No aplica,PENDIENTE,Bueno,Propio,4.0,,Muebles y enseres ,,,,PENDIENTE,PENDIENTE,PENDIENTE
Escritorio ,01173,Genérico ,Gris metal patas color negro ,,No aplica,PENDIENTE,Bueno,Propio,4.0,,Muebles y enseres ,,,,PENDIENTE,PENDIENTE,PENDIENTE
Archivador con ruedas ,01196,Genérico ,Gris ,,No aplica,PENDIENTE,Bueno,Propio,4.0,,Muebles y enseres ,,,,PENDIENTE,PENDIENTE,PENDIENTE
Escritorio madera ,04042,Genérico ,Madera con patas metalizadas ,,No aplica,PENDIENTE,Bueno,Propio,4.0,,Muebles y enseres ,,,,PENDIENTE,PENDIENTE,PENDIENTE
Escritorio ,04028 ,Genérico ,Escritorio madera patas metalizadas ,,No aplica,PENDIENTE,Bueno,Propio,4.0,,Muebles y enseres ,,,,PENDIENTE,PENDIENTE,PENDIENTE
Escritorio ,01198,Genérico ,Gris metal patas negras ,,No aplica,PENDIENTE,Bueno,Propio,4.0,,Muebles y enseres ,,,,PENDIENTE,PENDIENTE,PENDIENTE
Escritorio ,02262,Genérico ,Gris metal patas color gris ,,No aplica,PENDIENTE,Bueno,Propio,4.0,,Muebles y enseres ,,,,PENDIENTE,PENDIENTE,PENDIENTE
Escritorio gris con archivador ,04069,Genérico ,Gris metal ,,No aplica,PENDIENTE,Bueno,Propio,4.0,,Muebles y enseres ,,,,PENDIENTE,PENDIENTE,PENDIENTE
Silla ergonómica ,04071,Genérico ,Silla ergonómica de ruedas cuero verde,,No aplica,PENDIENTE,Bueno,Propio,4.0,,Muebles y enseres,,,,PENDIENTE,PENDIENTE,PENDIENTE
Escritorio ,02908,Genérico ,Gris metal patas color negro,,No aplica,PENDIENTE,Bueno,Propio,4.0,,Muebles y enseres ,,,,PENDIENTE,PENDIENTE,PENDIENTE
Silla ergonómica ,04075,Genérico ,Silla ergonómica cuero gris,,No aplica,PENDIENTE,Bueno,Propio,4.0,,Muebles y enseres ,,,,PENDIENTE,PENDIENTE,PENDIENTE
Archivador pequeño ,02171,Genérico ,Madera negro,Na,No aplica,PENDIENTE,Bueno,Propio,4.0,,Muebles y enseres ,,,,PENDIENTE,PENDIENTE,PENDIENTE
Silla ergonomica,04222,Genérico ,Cuero gris ,Na,No aplica,PENDIENTE,Bueno,Propio,4.0,,Muebles y enseres ,,,,PENDIENTE,PENDIENTE,PENDIENTE
Escritorio personal,04223,Genérico ,Madera verde con archivador negro madera,Na,No aplica,PENDIENTE,Bueno,Propio,4.0,,Muebles y enseres ,,,,PENDIENTE,PENDIENTE,PENDIENTE
Archivador pequeño ,04224,Genérico ,Madera negro,Na,No aplica,PENDIENTE,Bueno,Propio,4.0,,Muebles y enseres ,,,,PENDIENTE,PENDIENTE,PENDIENTE
Archivador pequeño ,02299,Genérico ,Madera negro,Na,532,PENDIENTE,Bueno,Propio,4.0,,Muebles y enseres ,,,,PENDIENTE,PENDIENTE,PENDIENTE
Archivador ,02906,Genérico ,Madera café ,Na,No aplica,PENDIENTE,Bueno,Propio,4.0,,Muebles y enseres ,,,,PENDIENTE,PENDIENTE,PENDIENTE
Archivador ,04191,Generico ,3 gavetas de madera café ,Na,No aplica,PENDIENTE,Bueno,Propio,4.0,,Muebles y enseres ,,,,PENDIENTE,PENDIENTE,PENDIENTE
Armario suministro ,02853,Generico ,Metálico dos puertas ,Na,No aplica,PENDIENTE,Bueno,Propio,4.0,,Muebles y enseres ,,,,PENDIENTE,PENDIENTE,PENDIENTE
Silla ergonómica ,02703,Genérica ,Cuero gris ,,No aplica,PENDIENTE,Bueno,Propio,4.0,,Muebles y enseres ,,,,PENDIENTE,PENDIENTE,PENDIENTE
Silla ergonómica ,02707,Genérica ,Tela negra,,No aplica,PENDIENTE,Bueno,Propio,4.0,,Muebles y enseres ,,,,PENDIENTE,PENDIENTE,PENDIENTE
Silla ergonómica ,04127,Genérica ,Silla ergonómica de ruedas cuero gris ,,No aplica,PENDIENTE,Bueno,Propio,4.0,,Muebles y enseres ,,,,PENDIENTE,PENDIENTE,PENDIENTE
Silla ergonómica ,02897,Genérica ,Cuero gris ,,No aplica,PENDIENTE,Bueno,Propio,4.0,,Muebles y enseres ,,,,PENDIENTE,PENDIENTE,PENDIENTE
Silla ergonómica ,04117,Genérica ,Silla ergonómica de ruedas cuero gris ,,No aplica,PENDIENTE,Bueno,Propio,4.0,,Muebles y enseres ,,,,PENDIENTE,PENDIENTE,PENDIENTE
Escritorio,04118,Genérica ,Gris patas metálicas ,,No aplica,PENDIENTE,Bueno,Propio,4.0,,Muebles y enseres ,,,,PENDIENTE,PENDIENTE,PENDIENTE
Silla ergonómica ,00369,Genérica ,Cuero gris ,,No aplica,PENDIENTE,Bueno,Propio,4.0,,Muebles y enseres ,,,,PENDIENTE,PENDIENTE,PENDIENTE
Escritorio ,00596,Genérica ,Blanco con patas color gris ,,No aplica,PENDIENTE,Bueno,Propio,4.0,,,,,,PENDIENTE,PENDIENTE,PENDIENTE
Silla ergonómica ,04121,Genérica ,Silla ergonómica de ruedas con cuero gris,,222,PENDIENTE,Bueno,Propio,4.0,,Muebles y enseres ,,,,PENDIENTE,PENDIENTE,PENDIENTE
Escritorio ,00594,Genérica ,Blanco con patas color gris ,,No aplica,PENDIENTE,Bueno,Propio,4.0,,Muebles y enseres,,,,PENDIENTE,PENDIENTE,PENDIENTE
Archivador con llave ,04125,Genérica ,Metal gris ,,No aplica,PENDIENTE,Bueno,Propio,4.0,,Muebles y enseres ,,,,PENDIENTE,PENDIENTE,PENDIENTE
Silla ergonómica ,04126,Genérica ,Silla ergonómica de ruedas cuero gris ,,368,PENDIENTE,Bueno,Propio,4.0,,Muebles y enseres ,,,,PENDIENTE,PENDIENTE,PENDIENTE
Archivador de tres cajones ,04128,Genérica ,Gris con ruedas ,,No aplica,PENDIENTE,Bueno,Propio,4.0,,Muebles y enseres ,,,,PENDIENTE,PENDIENTE,PENDIENTE
Silla ergonómica ,027112,Genérica ,Cuero gris ,,No aplica,PENDIENTE,Bueno,Propio,4.0,,Muebles y enseres ,,,,PENDIENTE,PENDIENTE,PENDIENTE
Silla ergonómica ,02496,Genérica ,Tela gris ,,No aplica,PENDIENTE,Bueno,Propio,4.0,,Muebles y enseres ,,,,PENDIENTE,PENDIENTE,PENDIENTE
Escritorio con archivador ,02143,Genérica ,Metal patas blancas ,,No aplica,PENDIENTE,Bueno,Propio,4.0,,Muebles y enseres ,,,,PENDIENTE,PENDIENTE,PENDIENTE
Escritorio con archivador ,00595,Genérica ,Metal patas gris ,,No aplica,PENDIENTE,Bueno,Propio,4.0,,Muebles y enseres ,,,,PENDIENTE,PENDIENTE,PENDIENTE
Tablero acrílico ,04063,Generico ,80x120,Na,No aplica,PENDIENTE,Bueno,Propio,4.0,,Muebles y enseres ,,,,PENDIENTE,PENDIENTE,PENDIENTE
Silla económica,04068,Generico ,Cuero verde ,Na,No aplica,PENDIENTE,Bueno,Propio,4.0,,Muebles y enseres ,,,,PENDIENTE,PENDIENTE,PENDIENTE
Escritorio personal con archivador ,02879,Generico ,Madera café y archivador metálico gris,Na,No aplica,PENDIENTE,Bueno,Propio,4.0,,Muebles y enseres ,,,,PENDIENTE,PENDIENTE,PENDIENTE
Silla,02162,Generico ,Cuero gris ,Na,No aplica,PENDIENTE,Bueno,Propio,4.0,,Muebles y enseres ,,,,PENDIENTE,PENDIENTE,PENDIENTE
Escritorio personal con archivador ,02882,Generico ,Madera café y archivador metálico gris,Na,No aplica,PENDIENTE,Bueno,Propio,4.0,,Muebles y enseres ,,,,PENDIENTE,PENDIENTE,PENDIENTE
Escritorio personal con archivador ,02871,Generico ,Madera café y archivador metálico gris,Na,No aplica,PENDIENTE,Bueno,Propio,4.0,,Muebles y enseres ,,,,PENDIENTE,PENDIENTE,PENDIENTE
Escritorio personal con archivador ,02708,Generico ,Madera café y archivador metálico gris,Na,No aplica,PENDIENTE,Bueno,Propio,4.0,,Muebles y enseres ,,,,PENDIENTE,PENDIENTE,PENDIENTE
Silla económica,04104,Generico ,Negro tela ,Na,No aplica,PENDIENTE,Bueno,Propio,4.0,,Muebles y enseres ,,,,PENDIENTE,PENDIENTE,PENDIENTE
Silla interlocutora ,04105,Generico ,Tela verde,Na,No aplica,PENDIENTE,Bueno,Propio,4.0,,Muebles y enseres ,,,,PENDIENTE,PENDIENTE,PENDIENTE
Silla económica,04114,Generico ,Cuero gris ,Na,1131,PENDIENTE,Bueno,Propio,4.0,,Muebles y enseres ,,,,PENDIENTE,PENDIENTE,PENDIENTE
Silla económica,04115,Generico ,Negro tela ,Na,No aplica,PENDIENTE,Bueno,Propio,4.0,,Muebles y enseres ,,,,PENDIENTE,PENDIENTE,PENDIENTE
Escritorio personal,AJ3045,Generico ,De madera café y metalizado ,Na,4278,PENDIENTE,Bueno,Propio,4.0,,Muebles y enseres ,,,,PENDIENTE,PENDIENTE,PENDIENTE
Archivador pequeño ,02899,Generico ,Metalizado gris,Na,No aplica,PENDIENTE,Bueno,Propio,4.0,,Muebles y enseres ,,,,PENDIENTE,PENDIENTE,PENDIENTE
Repisa de pared ,04365,Genérica ,Madera azul ,,No aplica,PENDIENTE,Bueno,Propio,4.0,,Muebles y enseres ,,,,PENDIENTE,PENDIENTE,PENDIENTE
Escritorio dos puestos ,02488,Genérica ,Madera y patas de metal negras ,,No aplica,PENDIENTE,Bueno,Propio,4.0,,Muebles y enseres,,,,PENDIENTE,PENDIENTE,PENDIENTE
Escritorio dos puestos ,02481,Genérica ,Madera y patas de metal negras ,,No aplica,PENDIENTE,Bueno,Propio,4.0,,Muebles y enseres,,,,PENDIENTE,PENDIENTE,PENDIENTE
Silla ergonómica ,01145,Genérica ,Cuero gris ,,No aplica,PENDIENTE,Bueno,Propio,4.0,,,,,,PENDIENTE,PENDIENTE,PENDIENTE
Silla ergonómica ,02484,Genérica ,Cuero gris ,,No aplica,PENDIENTE,Bueno,Propio,4.0,,,,,,PENDIENTE,PENDIENTE,PENDIENTE
Silla ergonómica ,01143,Genérica ,Cuero gris ,,No aplica,PENDIENTE,Bueno,Propio,4.0,,Muebles y enseres ,,,,PENDIENTE,PENDIENTE,PENDIENTE
Escritorio ,02182,Genérica ,Metal negro ,,3691,PENDIENTE,Bueno,Propio,4.0,,Muebles y enseres ,,,,PENDIENTE,PENDIENTE,PENDIENTE
Archivador con llave,02977,Genérica ,Metal gris,,No aplica,PENDIENTE,Bueno,Propio,4.0,,Muebles y enseres ,,,,PENDIENTE,PENDIENTE,PENDIENTE
Archivador con llave,02953,Genérica ,Metal gris,,No aplica,PENDIENTE,Bueno,Propio,4.0,,Muebles y enseres ,,,,PENDIENTE,PENDIENTE,PENDIENTE
Puesto en en L,0208,Genérica ,Madera con patas de metal ,,No aplica,PENDIENTE,Bueno,Propio,4.0,,Muebles y enseres ,,,,PENDIENTE,PENDIENTE,PENDIENTE
Silla ergonómica ,04210,Genérica ,Ergonómica de ruedas con tela negra ,,No aplica,PENDIENTE,Bueno,Propio,4.0,,Muebles y enseres ,,,,PENDIENTE,PENDIENTE,PENDIENTE
Silla ergonómica ,04211,Genérica ,Ergonómica de ruedas con tela negra ,,No aplica,PENDIENTE,Bueno,Propio,4.0,,Muebles y enseres ,,,,PENDIENTE,PENDIENTE,PENDIENTE
Mesa redonda ,04212,Genérica ,"Redonda de madera, patas metal negro ",,No aplica,PENDIENTE,Bueno,Propio,4.0,,Muebles y enseres ,,,,PENDIENTE,PENDIENTE,PENDIENTE
Tablero ,04213,Genérica ,Tablero de madera ,,No aplica,PENDIENTE,Bueno,Propio,4.0,,Muebles y enseres ,,,,PENDIENTE,PENDIENTE,PENDIENTE
Puesto de madera ,00461,Genérica ,Madera y metal negro,,No aplica,PENDIENTE,Bueno,Propio,4.0,,Muebles y enseres ,,,,PENDIENTE,PENDIENTE,PENDIENTE
Escritorio gris ,01178,Genérica ,Gris y metal negro,,No aplica,PENDIENTE,Bueno,Propio,4.0,,Muebles y enseres ,,,,PENDIENTE,PENDIENTE,PENDIENTE
Escritorio madera con archivador de llave ,02122,Genérica ,Masera y metal gris ,,No aplica,PENDIENTE,Bueno,Propio,4.0,,Muebles y enseres ,,,,PENDIENTE,PENDIENTE,PENDIENTE
Silla blanca ,00525,Rimax,Plástico blanco,,No aplica,PENDIENTE,Bueno,Propio,4.0,,Muebles y enseres ,,,,PENDIENTE,PENDIENTE,PENDIENTE
Silla blanca ,00518,Rimax,Plástico blanco,,No aplica,PENDIENTE,Bueno,Propio,4.0,,Muebles y enseres ,,,,PENDIENTE,PENDIENTE,PENDIENTE
Silla blanca ,00511,Rimax,Plástico  blanco,,No aplica,PENDIENTE,Bueno,Propio,4.0,,Muebles y enseres ,,,,PENDIENTE,PENDIENTE,PENDIENTE
Silla blanca ,00531,Rimax,Plástico  blanco,,No aplica,PENDIENTE,Bueno,Propio,4.0,,Muebles y enseres ,,,,PENDIENTE,PENDIENTE,PENDIENTE
Aire acondicionado ,04382,Comfortstar,Aire acondicionado ,,No aplica,PENDIENTE,Bueno,Propio,4.0,,Electroindustrial,,,,PENDIENTE,PENDIENTE,PENDIENTE
Silla ergonómica ,04209,Genérica ,Ergonómica de ruedas tela negra ,,0000 1465,PENDIENTE,Bueno,Propio,4.0,,Muebles y enseres ,,,,PENDIENTE,PENDIENTE,PENDIENTE
Escritorio gris patas negras ,01189,Genérica ,Gris con patas de metal negras,,No aplica,PENDIENTE,Bueno,Propio,4.0,,Muebles y enseres ,,,,PENDIENTE,PENDIENTE,PENDIENTE
Escritorio gris patas negras ,01188,Genérica ,Gris con patas de metal negras,,No aplica,PENDIENTE,Bueno,Propio,4.0,,Muebles y enseres ,,,,PENDIENTE,PENDIENTE,PENDIENTE
Escritorio gris patas negras ,01179,Genérica ,Gris con patas de metal negras,,No aplica,PENDIENTE,Bueno,Propio,4.0,,Muebles y enseres ,,,,PENDIENTE,PENDIENTE,PENDIENTE
Silla ergonómica ,00223,Genérica ,Cuero gris ,,No aplica,PENDIENTE,Bueno,Propio,4.0,,Muebles y enseres ,,,,PENDIENTE,PENDIENTE,PENDIENTE
Silla ergonómica ,02901,Genérica ,Cuero gris ,,No aplica,PENDIENTE,Bueno,Propio,4.0,,Muebles y enseres ,,,,PENDIENTE,PENDIENTE,PENDIENTE
Silla ergonómica ,00399,Genérica ,Cuero gris ,,No aplica,PENDIENTE,Bueno,Propio,4.0,,Muebles y enseres ,,,,PENDIENTE,PENDIENTE,PENDIENTE
Silla ergonómica ,02887 ,Genérica ,Cuero gris ,,No aplica,PENDIENTE,Bueno,Propio,4.0,,Muebles y enseres ,,,,PENDIENTE,PENDIENTE,PENDIENTE
Silla ergonómica ,01180,Genérica ,Cuero gris ,,No aplica,PENDIENTE,Bueno,Propio,4.0,,Muebles y enseres ,,,,PENDIENTE,PENDIENTE,PENDIENTE
Tablero ,04196,Genérica ,Madera ,,No aplica,PENDIENTE,Bueno,Propio,4.0,,Muebles y enseres ,,,,PENDIENTE,PENDIENTE,PENDIENTE
Tablero ,04198,Genérica ,Metal gris ,,No aplica,PENDIENTE,Bueno,Propio,4.0,,Muebles y enseres ,,,,PENDIENTE,PENDIENTE,PENDIENTE
